
{
    "categorias": [
        "http://dbpedia.org/ontology/ArchitecturalStructure",
        "http://www.wikidata.org/entity/Q41176",
        "http://dbpedia.org/ontology/Building",
        "http://www.w3.org/2002/07/owl#Thing",
        "http://dbpedia.org/ontology/HistoricBuilding",
        "http://dbpedia.org/ontology/Place",
        "http://schema.org/LandmarksOrHistoricalBuildings",
        "http://schema.org/Place",
        "http://dbpedia.org/ontology/Location"
    ],
    "enlaces": [
        "http://web.archive.org/web/http:/www.murciaturistica.es/PORTAL/ptm.estructura.web%3Fvurl=./ptm.recursos_turisticos.detallem%3Fidi=1$pnumexp=5$panoexp=2002$recurso=1$subrecurso=4$acc=S$seccion=10",
        "https://web.archive.org/web/20080621061022/http:/www.museosdemurcia.com/catedral/",
        "http://web.archive.org/web/http:/www.diocesisdecartagena.org/dio_cat_historia.php",
        "http://www.regmurcia.com/servlet/s.Sl%3Fsit=c%2C522&r=ReP-28611-DETALLE_REPORTAJES",
        "https://tools.wmflabs.org/panoviewer/%23Catedral_de_Murcia_-_Capilla_de_Los_V%C3%A9lez.jpg"
    ],
    "id": "Catedral_de_Murcia",
    "imagen": "Kathedrale.Murcia.Spanien.JPG",
    "nombre": "Catedral de Murcia",
    "resumen": "La Santa Iglesia Catedral de Santa María,​ conocida como Catedral de Murcia, es el templo principal y sede de la Diócesis de Cartagena. Se encuentra en pleno casco antiguo de la ciudad de Murcia, en la Plaza del Cardenal Belluga. Consagrada en 1467, sufrió varios añadidos (como la torre-campanario) o reformas ocasionales (nuevas capillas o fachadas) principalmente en los siglos XVI y XVIII, por lo que integra el estilo gótico original con añadidos renacentistas, barrocos y neoclásicos. Entre sus elementos arquitectónicos destacan la torre, de 93 metros de altura que la convierten en el tercer campanario más alto de España -el segundo si se incluyen solo catedrales-;​ la fachada principal o imafronte, considerada como una obra maestra del barroco español; y las capillas de los Vélez, de Junterones y del Trascoro. En la Capilla Mayor se halla la urna sepulcral donde reposan el corazón y las entrañas de Alfonso X el Sabio. La Catedral de Santa María fue declarada Monumento Nacional en 1931.",
    "urlArticulo": "https://es.wikipedia.org/wiki/Catedral_de_Murcia"
}