
{
    "categorias": [
        "http://www.w3.org/2002/07/owl#Thing",
        "http://dbpedia.org/ontology/AdministrativeRegion",
        "http://schema.org/Place",
        "http://dbpedia.org/ontology/Region",
        "http://dbpedia.org/ontology/PopulatedPlace",
        "http://dbpedia.org/ontology/Location",
        "http://schema.org/AdministrativeArea",
        "http://dbpedia.org/ontology/Place",
        "http://dbpedia.org/ontology/ClericalAdministrativeRegion",
        "http://dbpedia.org/ontology/Diocese",
        "http://www.wikidata.org/entity/Q3455524"
    ],
    "enlaces": [
        "http://www.diocesisdecartagena.org/es/inicio/diocesis/horariomisas.aspx",
        "http://www.diocesisdecartagena.org",
        "https://web.archive.org/web/20071028021532/http:/www.ucam.edu/voluntario/",
        "http://www.delejucartagena.es",
        "https://diocesisdecartagena.org/"
    ],
    "id": "Di%C3%B3cesis_de_Cartagena",
    "imagen": null,
    "nombre": "Diócesis de Cartagena",
    "resumen": "La diócesis de Cartagena es una sede episcopal dependiente de la archidiócesis de Granada, en España. Su sede es la catedral de Santa María, situada en la ciudad de Murcia.",
    "urlArticulo": "https://es.wikipedia.org/wiki/Di%C3%B3cesis_de_Cartagena"
}