
{
    "categorias": [
        "http://dbpedia.org/ontology/Place",
        "http://www.w3.org/2002/07/owl#Thing",
        "http://dbpedia.org/ontology/Bridge",
        "http://schema.org/Place",
        "http://dbpedia.org/ontology/Infrastructure",
        "http://dbpedia.org/ontology/ArchitecturalStructure",
        "http://dbpedia.org/ontology/Location",
        "http://www.wikidata.org/entity/Q12280",
        "http://dbpedia.org/ontology/RouteOfTransportation"
    ],
    "enlaces": [
        "https://web.archive.org/web/20100704115135/http:/www.murcia.es/barrios/m02_.asp",
        "http://www.regmurcia.com/servlet/s.Sl%3Fsit=a,87,c,373&r=ReP-13253-DETALLE_REPORTAJESPADRE",
        "http://books.google.es/books%3Fid=BCLMiZ4mo30C&printsec=frontcover%23v=onepage&q&f=false",
        "http://www.um.es/publicaciones/"
    ],
    "id": "Puente_de_los_Peligros",
    "imagen": "Elpuenteviejo.JPG",
    "nombre": "Puente de los Peligros",
    "resumen": "El puente de los Peligros o puente Viejo es un puente de piedra en arco sobre el río Segura, finalizado en 1742 y situado en la ciudad de Murcia (Región de Murcia, España). Es el más antiguo de los que hoy se conservan en la ciudad, de lo que se deriva el nombre de puente Viejo, en contraposición al Puente Nuevo o de Hierro construido en 1903. La denominación popular de puente de los Peligros se debe a la presencia a su lado de una hornacina que guarda la imagen de una virgen denominada de los Peligros, de profunda veneración en la ciudad.",
    "urlArticulo": "https://es.wikipedia.org/wiki/Puente_de_los_Peligros"
}