
{
    "categorias": [
        "http://dbpedia.org/ontology/ArchitecturalStructure",
        "http://dbpedia.org/ontology/Location",
        "http://dbpedia.org/ontology/Place",
        "http://www.wikidata.org/entity/Q12280",
        "http://www.w3.org/2002/07/owl#Thing",
        "http://dbpedia.org/ontology/RouteOfTransportation",
        "http://dbpedia.org/ontology/Bridge",
        "http://dbpedia.org/ontology/Infrastructure",
        "http://schema.org/Place"
    ],
    "enlaces": [
        "http://www.boe.es/boe/dias/1998/03/04/pdfs/A07459-07497.pdf",
        "http://www.patrimur.com/archivos/memopatri6/pdfs/puentedehierro.pdf",
        "http://www.researcherid.com/rid/B-2217-2009",
        "http://www.patrimur.com/publicaciones/memoriaspatrimonio/memorias6/index.php",
        "http://openlibrary.org/b/OL23850640M/El_Puente_de_la_P%C3%B3lvora_y_otros_puentes"
    ],
    "id": "Puente_Nuevo_%28Murcia%29",
    "imagen": "Puentenuevodemurcia.JPG",
    "nombre": "Puente Nuevo (Murcia)",
    "resumen": "El Puente Nuevo o Puente de Hierro es un puente metálico de vigas parabólicas sobre el río Segura, finalizado en 1903 y situado en la ciudad de Murcia (Región de Murcia, España). Al ser el segundo puente urbano construido en la ciudad de Murcia sobre el río, fue llamado Puente Nuevo para diferenciarlo del Puente Viejo, a pesar de que hoy día es el segundo más antiguo de la ciudad.",
    "urlArticulo": "https://es.wikipedia.org/wiki/Puente_Nuevo_%28Murcia%29"
}